magnitude,distance,direction,city,country,continent
7.0,18.0,SW,Malango,Solomon Islands,Oceania
6.9,204.0,SW,Bengkulu,Indonesia,Asia
7.3,205.0,ESE,Neiafu,Tonga,Oceania
7.0,,s,Fiji Islands,Fiji,Oceania
6.8,,s,Fiji Islands,Fiji,Oceania
6.7,60.0,SSW,Boca Chica,Panama,North America
6.8,55.0,SSW,Aguililla,Mexico,North America
7.6,35.0,SSW,Aguililla,Mexico,North America
6.9,90.0,E,Yujing,Taiwan,Asia
6.5,96.0,SE,Lugu,Taiwan,Asia
7.0,209.0,SSE,Isangel,Vanuatu,Oceania
7.6,70.0,E,Kainantu,Papua New Guinea,Oceania
6.6,44.0,SE,Kangding,China,Asia
6.6,,s,Kermadec Islands,New Zealand,Oceania
7.0,11.0,NE,Bantay,Philippines,Asia
6.5,107.0,SSW,Tarauacá,Brazil,South America
7.2,10.0,W,Azángaro,Peru,South America
6.8,86.0,NNW,San Antonio de los Cobres,Argentina,South America
6.6,55.0,WSW,Masachapa,Nicaragua,North America
7.0,,s,Loyalty Islands,France,Europe
6.9,284.0,ESE,Tadine,New Caledonia,Oceania
6.7,65.0,S,Hualien City,Taiwan,Asia
7.3,57.0,ENE,Namie,Japan,Asia
6.7,166.0,W,Pariaman,Indonesia,Asia
6.6,,,Kermadec Islands,New Zealand,Oceania
6.8,,s,Fiji Islands,Fiji,Oceania
6.5,49.0,NW,Barranca,Peru,South America
6.5,,,Kermadec Islands,New Zealand,Oceania
6.6,80.0,SW,Labuan,Indonesia,Asia
6.5,71.0,SE,Nikolski,Alaska,North America
6.5,71.0,SE,Nikolski,Alaska,North America
6.6,53.0,SE,Nikolski,Alaska,North America
6.7,91.0,SE,Nikolski,Alaska,North America
6.7,91.0,SE,Nikolski,Alaska,North America
6.8,100.0,SE,Nikolski,Alaska,North America
6.6,48.0,WNW,Pólis,Cyprus,Europe
6.6,,,northern Qinghai,China,Asia
7.3,125.0,NNE,Lospalos,Timor Leste,Asia
7.3,,,Flores Sea,Indonesia,Asia
7.5,43.0,NNW,Barranca,Peru,South America
6.6,177.0,SE,Hirara,Japan,Asia
6.9,112.0,E,Chignik,Alaska,North America
6.9,,,Vanuatu,Vanuatu,Oceania
7.3,,,Vanuatu,Vanuatu,Oceania
6.5,80.0,SW,Jiquilillo,Nicaragua,North America
7.0,,,Acapulco,Mexico,North America
7.1,,,South Sandwich Islands,South Sandwich Islands,Antarctica
6.6,,,South Sandwich Islands,South Sandwich Islands,Antarctica
6.9,17.0,N,Port-Olry,Vanuatu,Oceania
6.9,,,South Sandwich Islands,South Sandwich Islands,Antarctica
7.2,,,Nippes,Haiti,North America
6.9,136.0,SE,Perryville,Alaska,North America
6.9,125.0,SE,Perryville,Alaska,North America
8.1,,,South Sandwich Islands,South Sandwich Islands,Antarctica
7.5,,,South Sandwich Islands,South Sandwich Islands,Antarctica
7.1,60.0,ENE,Pondaguitan,Philippines,Asia
8.2,91.0,ESE,Perryville,Alaska,North America
8.2,99.0,SE,Perryville,Alaska,North America
6.7,15.0,S,Hukay,Philippines,Asia
6.7,71.0,S,Burica,Panama,North America
6.5,,,Kermadec Islands,New Zealand,Oceania
6.5,265.0,SSE,Alo,Wallis and Futuna,Oceania
7.3,,,Southern Qinghai,China,Asia
6.7,260.0,S,Sinabang,Indonesia,Asia
6.7,,,Mauritius,Mauritius,Africa
6.5,207.0,WSW,Haveluloto,Tonga,Oceania
6.5,225.0,WNW,Pangai,Tonga,Oceania
7.0,30.0,E,Ishinomaki,Japan,Asia
6.6,171.0,SSE,Ust’-Kamchatsk Staryy,Russia,Europe
6.5,,,Kermadec Islands,New Zealand,Oceania
8.1,,,Kermadec Islands,New Zealand,Oceania
7.4,,,Kermadec Islands,New Zealand,Oceania
7.3,182.0,NE,Gisborne,New Zealand,Oceania
7.1,73.0,ENE,Namie,Japan,Asia
7.7,,s,Loyalty Islands,France,Europe
6.9,,,South Shetland Islands,-,Antarctica
7.0,211.0,SE,Pondaguitan,Philippines,Asia
6.7,29.0,SSW,Turt,Mongolia,Asia
6.7,146.0,WNW,Corral,Chile,South America
7.0,13.0,NNE,Néon Karlovásion,Greece,Europe
7.6,99.0,SE,Sand Point,Alaska,North America
6.9,,,central Mid-Atlantic Ridge,N/A,N/A
6.5,94.0,NW,Vallenar,Chile,South America
6.8,86.0,NW,Vallenar,Chile,South America
6.5,,,central Mid-Atlantic Ridge,N/A,N/A
6.9,222.0,SSE,Katabu,Indonesia,Asia
6.9,122.0,WSW,Bengkulu,Indonesia,Asia
6.8,138.0,WSW,Bengkulu,Indonesia,Asia
6.6,13.0,E,San Pedro,Philippines,Asia
7.8,99.0,SSE,Perryville,Alaska,North America
7.0,114.0,NNW,Popondetta,Papua New Guinea,Oceania
6.6,97.0,N,Batang,Indonesia,Asia
7.4,9.0,SE,Santa María Xadani,Mexico,North America
7.4,,s,Kermadec Islands,New Zealand,Oceania
6.6,130.0,WNW,Naze,Japan,Asia
6.8,48.0,SW,San Pedro de Atacama,Chile,South America
6.5,,,Monte Cristo Range,NV,North America
6.6,175.0,SSE,Lata,Solomon Islands,Oceania
6.8,,,Banda Sea,Indonesia,Asia
6.5,91.0,S,Néa Anatolí,Greece,Europe
6.5,,,Stanley,United States,North America
7.5,221.0,SSE,Severo-Kuril’sk,Russia,Europe
7.0,95.0,ENE,Kuril’sk,Russia,Europe
7.7,123.0,NNW,Lucea,Jamaica,North America
6.7,13.0,N,Do?anyol,Turkey,Asia
6.8,7.0,S,Magsaysay,Philippines,Asia
7.1,138.0,E,Bitung,Indonesia,Asia
6.5,166.0,SSW,Ndoi Island,Fiji,Oceania
6.6,136.0,W,Neiafu,Tonga,Oceania
6.5,2.0,ESE,Kisante,Philippines,Asia
6.6,10.0,NE,Columbio,Philippines,Asia
6.7,70.0,WSW,Constitución,Chile,South America
6.5,11.0,S,Kairatu,Indonesia,Asia
6.6,34.0,NNE,Ndoi Island,Fiji,Oceania
6.6,131.0,S,Bristol Island,South Sandwich Islands,Antarctica
6.9,152.0,SW,Labuan,Indonesia,Asia
6.8,96.0,SW,San Antonio,Chile,South America
6.6,62.0,E,Lakatoro,Vanuatu,Oceania
7.2,93.0,NNE,Laiwui,Indonesia,Asia
6.6,200.0,W,Broome,Australia,Australia
6.9,134.0,WSW,Kota Ternate,Indonesia,Asia
7.1,18.0,W,Searles Valley,United States,North America
7.3,292.0,NW,Saumlaki,Indonesia,Asia
7.3,116.0,NE,L'Esperance Rock,New Zealand,Oceania
6.6,32.0,S,La Libertad,El Salvador,North America
8.0,78.0,NE,Navarro,Peru,South America
7.6,46.0,SSE,Namatanai,Papua New Guinea,Oceania
7.1,33.0,NW,Bulolo,Papua New Guinea,Oceania
6.8,98.0,SSW,Luwuk,Indonesia,Asia
6.5,83.0,ENE,Bristol Island,South Sandwich Islands,Antarctica
7.0,22.0,NNE,Azángaro,Peru,South America
7.5,111.0,ESE,Palora,Ecuador,South America
6.7,5.0,SW,Puerto Madero,Mexico,North America
6.7,,,Prince Edward Islands region,South Africa,Africa
6.7,10.0,SSW,Coquimbo,Chile,South America
6.6,94.0,NW,Sola,Vanuatu,Oceania
6.6,,,Molucca Sea,Indonesia,Asia
6.8,90.0,W,Tarauaca,Brazil,South America
7.0,96.0,ESE,Pondaguitan,Philippines,Asia
7.3,187.0,SE,Ust’-Kamchatsk Staryy,Russia,Europe
7.1,,,South Sandwich Islands region,South Sandwich Islands,Antarctica
6.6,199.0,ESE,Tadine,New Caledonia,Oceania
7.5,166.0,ESE,Tadine,New Caledonia,Oceania
7.1,1.0,SE,Point MacKenzie,Alaska,North America
6.8,187.0,E,Levuka,Fiji,Oceania
6.7,120.0,NW,Olonkinbyen,Svalbard and Jan Mayen,Europe
6.8,32.0,SW,Lithakiá,Greece,Europe
6.5,237.0,SW,Port McNeill,Canada,North America
6.8,210.0,SW,Port McNeill,Canada,North America
6.5,223.0,SW,Port McNeill,Canada,North America
6.5,171.0,E,Tadine,New Caledonia,Oceania
6.7,269.0,WNW,Ozernovskiy,Russia,Europe
6.5,154.0,S,Severo-Kuril’sk,Russia,Europe
7.0,119.0,E,Kimbe,Papua New Guinea,Oceania
6.7,279.0,E,Levuka,Fiji,Oceania
7.5,72.0,N,Palu,Indonesia,Asia
6.5,,s,Fiji Islands,Fiji,Oceania
6.9,,,Kermadec Islands,New Zealand,Oceania
6.5,66.0,NW,Kirakira,Solomon Islands,Oceania
7.9,45.0,S,Levuka,Fiji,Oceania
6.6,27.0,ESE,Chitose,Japan,Asia
7.1,238.0,ESE,Tadine,New Caledonia,Oceania
7.1,136.0,W,Iñapari,Peru,South America
6.5,78.0,E,Lakatoro,Vanuatu,Oceania
7.3,40.0,ENE,Carúpano,Venezuela,South America
6.9,20.0,NNW,Labuan Lombok,Indonesia,Asia
8.2,267.0,E,Levuka,Fiji,Oceania
6.5,124.0,N,Labuan Bajo,Indonesia,Asia
6.5,108.0,WSW,Adak,Alaska,North America
6.9,36.0,NW,Labuan Lombok,Indonesia,Asia
6.9,18.0,SSW,Leilani Estates,Hawaii,North America
6.8,38.0,SE,Boyuibe,Bolivia,South America
6.9,150.0,E,Kimbe,Papua New Guinea,Oceania
6.7,140.0,E,Kimbe,Papua New Guinea,Oceania
6.8,103.0,E,Kokopo,Papua New Guinea,Oceania
6.7,62.0,SW,Tari,Papua New Guinea,Oceania
7.5,32.0,SW,Tari,Papua New Guinea,Oceania
7.2,4.0,S,Pinotepa de Don Luis,Mexico,North America
7.9,261.0,SE,Chiniak,Alaska,North America
7.1,37.0,W,Atiquipa,Peru,South America
7.5,203.0,NNE,Barra Patuca,Honduras,North America
6.5,12.0,SSW,Kawalu,Indonesia,Asia
6.5,,,Bouvet Island,Bouvet Island,Antarctica
7.0,85.0,ENE,Tadine,New Caledonia,Oceania
6.6,74.0,E,Tadine,New Caledonia,Oceania
6.5,18.0,W,Parrita,Costa Rica,North America
7.3,29.0,S,?alabja,Iraq,Asia
6.5,67.0,WSW,Angoram,Papua New Guinea,Oceania
6.8,97.0,NE,Hihifo,Tonga,Oceania
6.6,101.0,E,Tadine,New Caledonia,Oceania
6.7,132.0,E,Tadine,New Caledonia,Oceania
6.7,181.0,NNE,Maumere,Indonesia,Asia
6.5,247.0,ESE,Attu Station,Alaska,North America
7.1,1.0,S,Matzaco,Mexico,North America
8.2,,,Chiapas,Mexico,North America
6.5,168.0,SW,Mawu,China,Asia
6.6,11.0,ENE,Kos,Greece,Europe
7.7,,,Komandorskiye Ostrova,Russia,Europe
6.6,,,Auckland Islands,New Zealand,Oceania
6.5,2.0,S,Lim-oo,Philippines,Asia
6.8,28.0,SW,Puerto San José,Guatemala,North America
6.9,2.0,SSW,San Pablo,Guatemala,North America
6.8,200.0,NW,Attu Station,Alaska,North America
6.6,37.0,WNW,Poso,Indonesia,Asia
6.5,,,South Sandwich Islands,South Sandwich Islands,Antarctica
6.8,59.0,NNE,Port-Olry,Vanuatu,Oceania
6.9,31.0,SW,Burias,Philippines,Asia
6.9,40.0,W,Valparaíso,Chile,South America
6.5,132.0,WSW,Moijabana,Botswana,Africa
6.6,81.0,NNE,Ust’-Kamchatsk Staryy,Russia,Europe
6.9,,s,Fiji Islands,Fiji,Oceania
6.5,41.0,E,Padilla,Bolivia,South America
6.5,11.0,N,Mabua,Philippines,Asia
7.9,35.0,WNW,Panguna,Papua New Guinea,Oceania
6.5,65.0,W,Kirakira,Solomon Islands,Oceania
7.3,189.0,SSE,Tabiauan,Philippines,Asia
6.9,225.0,SW,Nadi,Fiji,Oceania
7.6,41.0,SW,Quellón,Chile,South America
6.7,151.0,NE,Lospalos,Timor Leste,Asia
7.9,140.0,E,Kokopo,Papua New Guinea,Oceania
6.9,92.0,WSW,Kirakira,Solomon Islands,Oceania
6.5,79.0,WSW,Kirakira,Solomon Islands,Oceania
7.8,69.0,WSW,Kirakira,Solomon Islands,Oceania
6.6,164.0,W,Ferndale,California,North America
6.5,14.0,WNW,Reuleuet,Indonesia,Asia
6.6,122.0,N,Murghob,Tajikistan,Asia
6.9,156.0,SSW,Puerto El Triunfo,El Salvador,North America
6.9,35.0,ESE,Namie,Japan,Asia
6.5,74.0,NE,Amberley,New Zealand,Oceania
6.5,92.0,SSW,Blenheim,New Zealand,Oceania
7.8,53.0,NNE,Amberley,New Zealand,Oceania
6.6,5.0,ESE,Preci,Italy,Europe
6.6,161.0,NNE,Pamanukan,Indonesia,Asia
6.8,76.0,WNW,Kandrian,Papua New Guinea,Oceania
6.9,,,Fiji,Fiji,Oceania
7.0,175.0,NE,Gisborne,New Zealand,Oceania
6.8,90.0,NE,Rabaul,Papua New Guinea,Oceania
6.8,26.0,W,Chauk,Myanmar,Asia
7.2,,s,Loyalty Islands,France,Europe
7.7,,,Pagan region,Northern Mariana Islands,Oceania
6.6,80.0,W,Sungai Penuh,Indonesia,Asia
7.2,,,South Sandwich Islands region,South Sandwich Islands,Antarctica
6.9,24.0,NW,Rosa Zarate,Ecuador,South America
6.7,32.0,SE,Muisne,Ecuador,South America
7.0,3.0,NW,Norsup,Vanuatu,Oceania
7.8,27.0,SSE,Muisne,Ecuador,South America
7.0,6.0,ESE,Kumamoto,Japan,Asia
6.9,76.0,SE,Mawlaik,Myanmar,Asia
6.6,42.0,WSW,Ashk?sham,Afghanistan,Asia
6.7,104.0,W,Sola,Vanuatu,Oceania
6.7,102.0,WSW,Sola,Vanuatu,Oceania
6.9,82.0,NNW,Port-Olry,Vanuatu,Oceania
7.8,,sw,Sumatra,Indonesia,Asia
7.2,80.0,S,Mil’kovo,Russia,Europe
7.1,47.0,ESE,Pedro Bay,Alaska,North America
6.6,203.0,SW,La Cruz de Loreto,Mexico,North America
6.7,52.0,SE,Shizunai-furukawach?,Japan,Asia
6.5,227.0,SE,Sarangani,Philippines,Asia
6.7,29.0,W,Imphal,India,Asia
6.6,4.0,W,Manuel Ávila Camacho,Mexico,North America
6.9,107.0,SE,Amahai,Indonesia,Asia
7.2,104.0,W,Murghob,Tajikistan,Asia
6.7,125.0,SSW,Tarauacá,Brazil,South America
7.6,185.0,WNW,Iñapari,Peru,South America
7.6,155.0,WNW,Iñapari,Peru,South America
6.8,153.0,WSW,Buala,Solomon Islands,Oceania
6.5,19.0,SSW,Lefkáda,Greece,Europe
6.7,140.0,WSW,Makurazaki,Japan,Asia
6.9,85.0,NW,Coquimbo,Chile,South America
6.9,81.0,NW,Coquimbo,Chile,South America
6.6,,,Nicobar Islands,India,Asia
6.8,39.0,SW,Ovalle,Chile,South America
6.5,47.0,NW,Maubara,Timor Leste,Asia
7.5,,,Hindu Kush region,Afghanistan,Asia
7.1,31.0,NE,Port-Olry,Vanuatu,Oceania
6.6,28.0,N,Sorong,Indonesia,Asia
6.6,22.0,WSW,Illapel,Chile,South America
6.7,61.0,WNW,Illapel,Chile,South America
6.5,54.0,WNW,Illapel,Chile,South America
7.0,25.0,WNW,Illapel,Chile,South America
8.3,48.0,W,Illapel,Chile,South America
6.7,95.0,SW,Topolobampo,Mexico,North America
6.5,177.0,SE,Gizo,Solomon Islands,Oceania
6.6,186.0,WNW,Malango,Solomon Islands,Oceania
7.0,234.0,W,Abepura,Indonesia,Asia
6.9,,,Fox Islands,Alaska,North America
7.0,80.0,WNW,Lata,Solomon Islands,Oceania
6.5,128.0,NE,Bathsheba,Barbados,North America
6.7,150.0,WNW,Malango,Solomon Islands,Oceania
6.5,,,Bonin Islands,Japan,Asia
7.8,,,Bonin Islands,Japan,Asia
6.8,117.0,SSE,Ugashik,Alaska,North America
6.8,159.0,ESE,Kirakira,Solomon Islands,Oceania
6.9,205.0,ESE,Kirakira,Solomon Islands,Oceania
6.8,178.0,W,Lata,Solomon Islands,Oceania
6.8,32.0,SE,funato,Japan,Asia
7.3,,,Nepal,Nepal,Asia
7.1,143.0,SW,Panguna,Papua New Guinea,Oceania
7.5,131.0,SSW,Kokopo,Papua New Guinea,Oceania
6.8,109.0,SSW,Kokopo,Papua New Guinea,Oceania
6.7,126.0,SSW,Kokopo,Papua New Guinea,Oceania
6.7,21.0,SSE,Kod?ri??,Nepal,Asia
6.6,71.0,NNE,Bharatpur,Nepal,Asia
7.8,67.0,NNE,Bharatpur,Nepal,Asia
6.5,181.0,SSW,Alo,Wallis and Futuna,Oceania
6.5,96.0,ENE,Hihifo,Tonga,Oceania
7.5,53.0,SE,Kokopo,Papua New Guinea,Oceania
7.0,150.0,NNE,Maumere,Indonesia,Asia
6.7,83.0,ENE,Miyako,Japan,Asia
6.7,103.0,W,El Aguilar,Argentina,South America
6.8,81.0,NNE,Port-Vila,Vanuatu,Oceania
6.5,236.0,S,Punta de Burica,Panama,North America
6.6,22.0,ESE,Punta de Burica,Panama,North America
6.6,115.0,W,Panguna,Papua New Guinea,Oceania
6.6,106.0,WSW,Sangay,Philippines,Asia
6.8,157.0,NW,Ternate,Indonesia,Asia
6.5,123.0,WNW,Tobelo,Indonesia,Asia
6.7,183.0,NE,Gisborne,New Zealand,Oceania
7.1,155.0,NW,Ternate,Indonesia,Asia
6.6,76.0,NE,Finschhafen,Papua New Guinea,Oceania
7.1,,,Fiji region,Fiji,Oceania
7.3,74.0,S,Intipucá,El Salvador,North America
6.7,43.0,NW,Piti Village,Guam,Oceania
6.8,38.0,NW,Aniso,Peru,South America
6.9,,,Federated States of Micronesia,Federated States of Micronesia,Oceania
6.9,,,Fiji region,Fiji,Oceania
6.5,139.0,ESE,Namie,Japan,Asia
6.9,4.0,W,Puerto Madero,Mexico,North America
6.5,217.0,SSE,Kokopo,Papua New Guinea,Oceania
6.7,201.0,SSE,Mata-Utu,Wallis and Futuna,Oceania
6.9,,,South Sandwich Islands,South Sandwich Islands,Antarctica
7.9,,,Rat Islands,Alaska,North America
6.7,,,Kermadec Islands,New Zealand,Oceania
6.5,,,Kermadec Islands,New Zealand,Oceania
6.9,,,Kermadec Islands,New Zealand,Oceania
6.9,21.0,SSW,Kamariótissa,Greece,Europe
6.5,110.0,SE,Punta de Burica,Panama,North America
6.6,239.0,SSE,Isangel,Vanuatu,Oceania
6.5,107.0,WSW,Vernon,Canada,North America
7.5,70.0,SW,Panguna,Papua New Guinea,Oceania
6.6,57.0,SW,Panguna,Papua New Guinea,Oceania
7.2,9.0,ENE,Coyuquilla Norte,Mexico,North America
6.6,75.0,S,Kirakira,Solomon Islands,Oceania
7.4,112.0,S,Kirakira,Solomon Islands,Oceania
7.6,93.0,SSE,Kirakira,Solomon Islands,Oceania
6.6,15.0,N,Belén,Nicaragua,North America
6.5,78.0,SW,Panguna,Papua New Guinea,Oceania
7.1,56.0,WSW,Panguna,Papua New Guinea,Oceania
7.7,53.0,SW,Iquique,Chile,South America
6.5,45.0,WSW,Iquique,Chile,South America
6.9,90.0,WNW,Iquique,Chile,South America
8.2,93.0,NW,Iquique,Chile,South America
6.7,63.0,WNW,Iquique,Chile,South America
6.8,77.0,WNW,Indianola,California,North America
6.5,109.0,NW,Nago,Japan,Asia
6.5,171.0,NNE,Greenland,Barbados,North America
6.9,272.0,ESE,Hotan,China,Asia
6.5,32.0,E,Port-Olry,Vanuatu,Oceania
6.5,,s,Kermadec Islands,New Zealand,Oceania
6.5,32.0,W,Sola,Vanuatu,Oceania
6.5,,,Fiji region,Fiji,Oceania
7.7,,,Scotia Sea,-,-
6.9,,,Scotia Sea,-,-
6.6,41.0,SSW,Coquimbo,Chile,South America
7.1,,E,Honshu,Japan,Asia
6.6,98.0,SW,Etchoropo,Mexico,North America
6.8,62.0,WSW,Panguna,Papua New Guinea,Oceania
7.1,4.0,SE,Sagbayan,Philippines,Asia
6.6,36.0,W,Kíssamos,Greece,Europe
6.7,,,Sea of Okhotsk,Russia,Asia
6.5,,,Kermadec Islands,New Zealand,Oceania
6.8,129.0,WSW,Khuzdar,Pakistan,Asia
7.1,16.0,WSW,Atiquipa,Peru,South America
7.7,113.0,NW,Bela,Pakistan,Asia
6.5,81.0,SSW,Atka,Alaska,North America
6.5,,,Izu Islands,Japan,Asia
6.5,180.0,NE,Lospalos,Timor Leste,Asia
7.0,101.0,SW,Atka,Alaska,North America
6.5,29.0,SE,Blenheim,New Zealand,Oceania
6.7,101.0,WSW,Bahía Solano,Colombia,South America
6.5,38.0,ESE,Blenheim,New Zealand,Oceania
7.3,,,South Sandwich Islands,South Sandwich Islands,Antarctica
6.6,26.0,NE,Kandrian,Papua New Guinea,Oceania
7.3,190.0,ENE,Kokopo,Papua New Guinea,Oceania
6.6,,N,Mid-Atlantic Ridge,N/A,N/A
6.5,44.0,W,Masachapa,Nicaragua,North America
6.7,,s,Java,Indonesia,Asia
6.7,,,Sea of Okhotsk,Russia,Asia
8.3,,,Sea of Okhotsk,Russia,Asia
7.4,292.0,SW,Vaini,Tonga,Oceania
6.8,,,Pagan,Northern Mariana Islands,Oceania
6.5,33.0,N,Rabaul,Papua New Guinea,Oceania
6.6,56.0,WSW,Linqiong,China,Asia
7.2,252.0,ENE,Kuril’sk,Russia,Europe
6.6,23.0,ESE,Aitape,Papua New Guinea,Oceania
7.7,79.0,ESE,Kh?sh,Iran,Asia
6.6,98.0,W,Panguna,Papua New Guinea,Oceania
7.0,260.0,WSW,Abepura,Indonesia,Asia
6.5,36.0,E,Finschhafen,Papua New Guinea,Oceania
6.5,87.0,SE,Ozernovskiy,Russia,Europe
6.9,81.0,SE,Ozernovskiy,Russia,Europe
6.6,183.0,SW,Belaya Gora,Russia,Europe
6.6,30.0,SSW,Lata,Solomon Islands,Oceania
6.9,2.0,NNE,Yacuanquer,Colombia,South America
7.1,32.0,SE,Lata,Solomon Islands,Oceania
6.8,22.0,ESE,Lata,Solomon Islands,Oceania
6.7,33.0,SSW,Lata,Solomon Islands,Oceania
7.0,33.0,NW,Lata,Solomon Islands,Oceania
7.1,112.0,WSW,Lata,Solomon Islands,Oceania
8.0,75.0,W,Lata,Solomon Islands,Oceania
6.9,18.0,SSW,Obihiro,Japan,Asia
6.8,54.0,N,Vallenar,Chile,South America
7.5,110.0,SW,Edna Bay,Alaska,North America
6.7,59.0,SSW,Sola,Vanuatu,Oceania
7.1,,,Banda Sea,Indonesia,Asia
7.3,234.0,SE,funato,Japan,Asia
6.5,32.0,SW,Champerico,Guatemala,North America
6.8,51.0,NNE,Shwebo,Myanmar,Asia
7.4,33.0,S,Champerico,Guatemala,North America
7.8,206.0,SW,Prince Rupert,Canada,North America
6.5,,,Costa Rica,Costa Rica,North America
6.6,163.0,ENE,Tual,Indonesia,Asia
7.3,11.0,WNW,San Agustín,Colombia,South America
7.6,11.0,ENE,Hojancha,Costa Rica,North America
7.6,89.0,E,Sulangan,Philippines,Asia
7.3,126.0,S,Puerto El Triunfo,El Salvador,North America
6.6,140.0,WNW,Tobelo,Indonesia,Asia
7.7,156.0,ENE,Poronaysk,Russia,Europe
6.5,105.0,ESE,Kokopo,Papua New Guinea,Oceania
6.6,76.0,W,Neiafu,Tonga,Oceania
6.7,86.0,SSE,Manokwari,Indonesia,Asia
6.8,140.0,N,Lae,Papua New Guinea,Oceania
6.7,22.0,NW,Hacienda La Calera,Chile,South America
7.0,69.0,ENE,San Luis,Mexico,North America
6.5,41.0,NW,El Habillal,Mexico,North America
8.2,,W,Sumatra,Indonesia,Asia
8.6,,,off the west coast of northern Sumatra,Indonesia,Asia
7.1,23.0,NE,Constitución,Chile,South America
6.6,11.0,ENE,Kainantu,Papua New Guinea,Oceania
7.4,6.0,E,Santiago Llano Grande,Mexico,North America
6.7,38.0,NE,Saryg-Sep,Russia,Europe
6.7,2.0,NNE,Jimalalud,Philippines,Asia
7.1,125.0,W,Port-Vila,Vanuatu,Oceania
7.2,,W,Sumatra,Indonesia,Asia
6.6,45.0,NNE,Saryg-Sep,Russia,Europe
7.1,25.0,SSE,Wau,Papua New Guinea,Oceania
6.5,6.0,SSW,Nuevo Balsas,Mexico,North America
6.9,39.0,SW,Santiago,Peru,South America
7.1,27.0,NNE,Van,Turkey,Asia
6.5,4.0,ESE,Finschhafen,Papua New Guinea,Oceania
6.9,43.0,NW,Mangan,India,Asia
6.7,99.0,NE,Miyako,Japan,Asia
6.7,68.0,WSW,Kabanjahe,Indonesia,Asia
7.0,133.0,SSE,Isangel,Vanuatu,Oceania
7.0,64.0,ESE,Contamana,Peru,South America
7.1,64.0,S,Port-Vila,Vanuatu,Oceania
6.5,65.0,SSW,Port-Vila,Vanuatu,Oceania
7.2,71.0,SSW,Port-Vila,Vanuatu,Oceania
6.6,103.0,NE,Angoram,Papua New Guinea,Oceania
7.6,,,Kermadec Islands,New Zealand,Oceania
6.7,41.0,NNE,Miyako,Japan,Asia
6.8,124.0,NE,Wé,New Caledonia,Oceania
6.8,79.0,W,Kirakira,Solomon Islands,Oceania
6.6,17.0,SSW,Ishikawa,Japan,Asia
7.1,29.0,ESE,Ishinomaki,Japan,Asia
6.6,7.0,,Helio García Alfaro,Mexico,North America
6.9,27.0,NNW,Tachilek,Myanmar,Asia
6.6,50.0,ESE,?tsuchi,Japan,Asia
6.5,81.0,NE,Hasaki,Japan,Asia
7.7,272.0,ESE,Kamaishi,Japan,Asia
7.9,47.0,,?arai,Japan,Asia
9.1,,,Tohoku,Japan,Asia
7.3,120.0,SE,funato,Japan,Asia
6.7,38.0,W,Constitución,Chile,South America
6.9,21.0,N,Tomé,Chile,South America
7.2,46.0,WSW,Dalbandin,Pakistan,Asia
7.0,118.0,NNE,Tadine,New Caledonia,Oceania
7.2,42.0,NNW,Carahue,Chile,South America
7.3,141.0,W,Isangel,Vanuatu,Oceania
6.7,111.0,SE,Bam,Iran,Asia
6.6,52.0,ENE,Kandrian,Papua New Guinea,Oceania
7.8,215.0,SW,Sungai Penuh,Indonesia,Asia
6.7,97.0,SSW,El Huitusi,Mexico,North America
7.0,,,Near the south coast of Papua,Indonesia,Asia
7.0,19.0,NE,Methven,New Zealand,Oceania
7.1,,,Ecuador,Ecuador,South America
7.3,33.0,NW,Port-Vila,Vanuatu,Oceania
7.0,72.0,ESE,Kimbe,Papua New Guinea,Oceania
6.5,118.0,ESE,Madang,Papua New Guinea,Oceania
7.6,61.0,W,Bantogon,Philippines,Asia
7.3,,,New Britain region,Papua New Guinea,Oceania
6.9,56.0,SE,Kimbe,Papua New Guinea,Oceania
6.6,30.0,SSE,Cañete,Chile,South America
6.7,55.0,WSW,Kirakira,Solomon Islands,Oceania
6.6,135.0,SSE,Biak,Indonesia,Asia
7.0,121.0,SSE,Biak,Indonesia,Asia
7.5,,,Nicobar Islands,India,Asia
7.2,100.0,WNW,Sola,Vanuatu,Oceania
7.2,45.0,SSW,Meulaboh,Indonesia,Asia
6.9,233.0,NNW,Qamdo,China,Asia
6.9,99.0,WSW,Kirakira,Solomon Islands,Oceania
7.8,75.0,E,Sinabang,Indonesia,Asia
7.2,12.0,SW,Delta,MX,North America
6.6,217.0,N,Bamboo Flat,India,Asia
6.7,52.0,NNW,Tomé,Chile,South America
6.5,59.0,ENE,Namie,Japan,Asia
7.0,52.0,NW,Santa Cruz,Chile,South America
6.9,61.0,NW,Santa Cruz,Chile,South America
6.8,141.0,W,Bengkulu,Indonesia,Asia
6.6,23.0,WNW,Talcahuano,Chile,South America
6.5,48.0,NW,Sola,Vanuatu,Oceania
7.4,124.0,W,Lebu,Chile,South America
8.8,36.0,WNW,Quirihue,Chile,South America
7.0,70.0,SE,Katsuren-haebaru,Japan,Asia
7.0,10.0,SE,Léogâne,Haiti,North America
6.5,37.0,WNW,Ferndale,California,United States
6.8,127.0,SE,Gizo,Solomon Islands,Oceania
7.1,94.0,SE,Gizo,Solomon Islands,Oceania
6.6,98.0,SE,Gizo,Solomon Islands,Oceania
6.5,92.0,N,Iquique,Chile,South America
7.3,77.0,ENE,Ba,Fiji,Oceania
6.6,29.0,NNW,Bima,Indonesia,Asia
6.8,98.0,NNE,Naze,Japan,Asia
6.9,268.0,WSW,Tual,Indonesia,Asia
6.8,188.0,WNW,Sola,Vanuatu,Oceania
7.4,143.0,NW,Sola,Vanuatu,Oceania
7.8,196.0,NW,Sola,Vanuatu,Oceania
7.7,148.0,NW,Sola,Vanuatu,Oceania
6.6,49.0,SSE,Sungai Penuh,Indonesia,Asia
7.6,30.0,WSW,Pariaman,Indonesia,Asia
8.1,168.0,SSW,Matavai,Samoa,Oceania
7.0,66.0,SSW,Banjar,Indonesia,Asia
6.7,112.0,WSW,Padang,Indonesia,Asia
6.6,244.0,SSE,Tateyama,Japan,Asia
7.5,266.0,N,Bamboo Flat,India,Asia
7.1,161.0,S,?yama,Japan,Asia
6.9,96.0,WNW,Bahía de Kino,Mexico,North America
7.8,97.0,WSW,Te Anau,New Zealand,Oceania
6.7,190.0,ESE,Kokopo,Papua New Guinea,Oceania
7.3,46.0,NW,Guanaja,Honduras,North America
7.6,191.0,S,'Ohonua,Tonga,Oceania
7.2,196.0,SSE,Sarangani,Philippines,Asia
7.4,86.0,WNW,Manokwari,Indonesia,Asia
6.6,50.0,S,Jurm,Afghanistan,Asia
7.7,140.0,WNW,Manokwari,Indonesia,Asia
7.4,135.0,NW,Gorontalo,Indonesia,Asia
6.7,19.0,SW,Brisas Barra de Suchiate,Mexico,North America
6.7,131.0,SE,Nookat,Kyrgyzstan,Asia
6.8,122.0,SSE,Obihiro,Japan,Asia
6.6,73.0,WNW,Tobelo,Indonesia,Asia
6.9,75.0,WNW,Sola,Vanuatu,Oceania
6.7,221.0,NE,Jumla,Nepal,Asia
6.8,29.0,ENE,Morioka,Japan,Asia
7.0,107.0,E,Namie,Japan,Asia
6.9,151.0,E,Namie,Japan,Asia
6.6,124.0,SW,Bamboo Flat,India,Asia
6.9,24.0,WSW,Mizusawa,Japan,Asia
7.9,58.0,W,Tianpeng,China,Asia
6.9,78.0,NE,Hasaki,Japan,Asia
7.3,71.0,SW,Isangel,Vanuatu,Oceania
7.2,226.0,SE,Hotan,China,Asia
6.9,,,Philippine Islands region,Philippines,Asia
6.7,155.0,SSW,Padang,Indonesia,Asia
6.6,161.0,SSW,Padang,Indonesia,Asia
7.2,164.0,WSW,Sungai Penuh,Indonesia,Asia
6.5,166.0,WSW,Sungai Penuh,Indonesia,Asia
7.4,56.0,NW,Sinabang,Indonesia,Asia
6.5,50.0,S,Koróni,Greece,Europe
6.9,35.0,S,Methóni,Greece,Europe
6.5,9.0,SSW,General Pascual Fentes,Mexico,North America
6.6,46.0,SSE,Gisborne,New Zealand,Oceania
6.7,80.0,NNE,Antofagasta,Chile,South America
7.4,18.0,WNW,Basse-Pointe,Martinique,North America
6.6,60.0,SSE,Kirakira,Solomon Islands,Oceania
6.5,34.0,N,Dompu,Indonesia,Asia
6.5,28.0,NNW,Dompu,Indonesia,Asia
6.8,107.0,N,Lae,Papua New Guinea,Oceania
6.8,30.0,E,Macas,Ecuador,South America
6.8,82.0,NNE,Antofagasta,Chile,South America
7.7,36.0,ESE,Tocopilla,Chile,South America
6.8,138.0,W,Bengkulu,Indonesia,Asia
6.8,70.0,N,Te Anau,New Zealand,Oceania
6.8,154.0,ESE,Kokopo,Papua New Guinea,Oceania
6.7,118.0,SSW,Padang,Indonesia,Asia
7.0,153.0,SSW,Padang,Indonesia,Asia
6.5,,,Kepulauan Mentawai,Indonesia,Asia
7.9,87.0,SW,Sungai Penuh,Indonesia,Asia
7.8,148.0,WSW,Sungai Penuh,Indonesia,Asia
8.4,122.0,SW,Bengkulu,Indonesia,Asia
6.8,39.0,WNW,Timbiquí,Colombia,South America
7.2,97.0,S,Lata,Solomon Islands,Oceania
6.5,31.0,WSW,Malango,Solomon Islands,Oceania
8.0,41.0,SW,San Vicente de Cañete,Peru,South America
7.5,35.0,NNE,Rengasdengklok,Indonesia,Asia
7.2,56.0,E,Luganville,Vanuatu,Oceania
6.9,140.0,NNW,Tobelo,Indonesia,Asia
6.8,133.0,WNW,Mikuni,Japan,Asia
6.6,20.0,NNW,Kashiwazaki,Japan,Asia
6.7,43.0,SSE,Iztapa,Guatemala,North America
6.9,113.0,SSE,Panguna,Papua New Guinea,Oceania
6.6,99.0,SSE,Panguna,Papua New Guinea,Oceania
8.1,45.0,SSE,Gizo,Solomon Islands,Oceania
6.7,46.0,NW,Nanao,Japan,Asia
7.1,119.0,S,Isangel,Vanuatu,Oceania
6.7,206.0,SSW,Sofifi,Indonesia,Asia
7.5,126.0,WNW,Ternate,Indonesia,Asia
8.1,,e,Kuril Islands,Russia,Asia
6.9,26.0,W,Hengchun,Taiwan,Asia
7.1,30.0,SW,Hengchun,Taiwan,Asia
8.3,,,Kuril Islands,Russia,Asia
6.6,155.0,SE,Kimbe,Papua New Guinea,Oceania
6.7,52.0,SW,San Vicente de Cañete,Peru,South America
6.7,100.0,ESE,Kimbe,Papua New Guinea,Oceania
6.7,14.0,SW,Puako,Hawaii,North America
6.9,201.0,ESE,Hihifo,Tonga,Oceania
6.8,49.0,S,Panguna,Papua New Guinea,Oceania
6.5,81.0,ESE,Ozernovskiy,Russia,Europe
6.8,51.0,NE,Norsup,Vanuatu,Oceania
7.7,226.0,SSW,Singaparna,Indonesia,Asia
6.5,111.0,E,Kimbe,Papua New Guinea,Oceania
6.6,42.0,NNW,Tilichiki,Russia,Europe
6.8,256.0,SSW,Singkil,Indonesia,Asia
8.0,47.0,SSE,Pangai,Tonga,Oceania
8.0,50.0,ESE,Pangai,Tonga,Oceania
6.5,73.0,WNW,Copiapó,Chile,South America
6.7,78.0,WNW,Copiapó,Chile,South America
6.6,80.0,E,Tilichiki,Russia,Europe
7.6,80.0,NE,Tilichiki,Russia,Europe
6.5,130.0,NNW,Lautoka,Fiji,Oceania
6.7,108.0,W,Ambon,Indonesia,Asia
7.0,160.0,SE,Chipinge,Zimbabwe,Africa
6.7,26.0,NE,Kýthira,Greece,Europe
6.6,75.0,SSW,Bahía de Kino,Mexico,North America
6.5,53.0,SW,Ashk?sham,Afghanistan,Asia
6.8,76.0,ESE,Kalemie,Democratic Republic of the Congo,Africa
6.5,80.0,ESE,Ishinomaki,Japan,Asia
6.5,57.0,SE,Sinabang,Indonesia,Asia
6.8,68.0,NNE,San Pedro de Atacama,Chile,South America
7.6,21.0,NNE,Muzaffar?b?d,Pakistan,Asia
6.6,129.0,SSW,Kokopo,Papua New Guinea,Oceania
7.5,39.0,NW,Yurimaguas,Peru,South America
7.6,135.0,E,Kokopo,Papua New Guinea,Oceania
7.2,66.0,ESE,Ishinomaki,Japan,Asia
7.2,,,Nicobar Islands,India,Asia
6.7,94.0,WSW,Singkil,Indonesia,Asia
6.6,32.0,W,San Juan del Sur,Nicaragua,North America
7.2,153.0,W,Big Lagoon,United States,North America
7.8,102.0,ENE,Iquique,Chile,South America
6.9,89.0,WSW,Singkil,Indonesia,Asia
6.7,125.0,SW,Padangsidempuan,Indonesia,Asia
6.5,106.0,SW,Padang,Indonesia,Asia
6.7,113.0,SW,Padang,Indonesia,Asia
8.6,78.0,WSW,Singkil,Indonesia,Asia
6.6,28.0,NNW,Maebaru-chō,Japan,Asia
7.1,,,Banda Sea,Indonesia,Asia
6.8,99.0,WNW,Sinabang,Indonesia,Asia
6.5,81.0,SSW,Katabu,Indonesia,Asia
6.5,,,Pulau-Pulau Talaud,Indonesia,Asia
6.7,52.0,SW,Sola,Vanuatu,Oceania
7.1,138.0,SW,Palimbang,Philippines,Asia
6.6,161.0,SE,Katsuura,Japan,Asia
6.6,,,Nicobar Islands,India,Asia
7.2,284.0,WNW,Sabang,Indonesia,Asia
9.1,,,Sumatra,Indonesia,Asia
8.1,,n,Macquarie Island,Australia,Australia
6.8,36.0,S,George Town,Cayman Islands,North America
6.8,54.0,SSW,Nemuro,Japan,Asia
7.0,51.0,SW,Nemuro,Japan,Asia
7.1,29.0,SSW,Nabire,Indonesia,Asia
7.1,255.0,W,Riverton,New Zealand,Oceania
7.2,32.0,SSW,Pizarro,Colombia,South America
7.5,63.0,NW,Maubara,Timor Leste,Asia
6.7,80.0,SSE,Kirakira,Solomon Islands,Oceania
6.7,189.0,SW,Port McNeill,Canada,North America
6.6,8.0,SSW,Ojiya,Japan,Asia
6.7,31.0,WNW,Yonakuni,Japan,Asia
7.0,43.0,SSW,Masachapa,Nicaragua,North America
6.5,9.0,W,Talisay,Philippines,Asia
6.8,60.0,SSE,Kirakira,Solomon Islands,Oceania
6.6,129.0,ESE,Shing?,Japan,Asia
7.4,118.0,ESE,Shing?,Japan,Asia
7.2,94.0,SE,Shing?,Japan,Asia
6.5,67.0,ESE,Teno,Chile,South America
6.5,117.0,WNW,Manokwari,Indonesia,Asia
6.9,24.0,ENE,Atlasovo,Russia,Europe
6.6,11.0,N,Cañete,Chile,South America
6.7,105.0,WNW,Naisano Dua,Indonesia,Asia
6.5,86.0,NNW,Sola,Vanuatu,Oceania
6.6,,,Afghanistan,Afghanistan,Asia
6.7,38.0,SSW,Nabire,Indonesia,Asia
7.3,,,Near the south coast of Papua,Indonesia,Asia
7.0,28.0,S,Nabire,Indonesia,Asia
6.7,107.0,NW,Ambon,Indonesia,Asia
7.3,201.0,ESE,Tadine,New Caledonia,Oceania
6.6,13.0,SSW,Bam,Iran,Asia
6.5,3.0,SSE,Progreso,Panama,North America
6.5,10.0,NE,San Simeon,United States,North America
6.8,92.0,E,Yujing,Taiwan,Asia
6.6,82.0,,Kimbe,Papua New Guinea,Oceania
6.5,4.0,NW,Can-Avid,Philippines,Asia
6.6,51.0,NW,Isangel,Vanuatu,Oceania
7.0,133.0,ESE,Ishinomaki,Japan,Asia
6.7,39.0,SSE,Kushiro,Japan,Asia
6.7,9.0,S,Aktash,Russia,Europe
6.5,58.0,S,Kushiro,Japan,Asia
7.3,29.0,S,Aktash,Russia,Europe
7.4,119.0,ESE,Shizunai-furukawach?,Japan,Asia
8.2,134.0,SSW,Kushiro,Japan,Asia
6.6,16.0,SE,Taungdwingyi,Myanmar,Asia
7.2,56.0,NW,Te Anau,New Zealand,Oceania
7.6,,,Scotia Sea,-,-
6.5,41.0,N,Rabaul,Papua New Guinea,Oceania
6.8,42.0,W,Ovalle,Chile,South America
6.9,25.0,ESE,Atlasovo,Russia,Europe
6.6,87.0,SSE,Kokopo,Papua New Guinea,Oceania
7.0,116.0,NE,Tobelo,Indonesia,Asia
7.0,27.0,SSW,funato,Japan,Asia
6.8,25.0,WNW,Dellys,Algeria,Africa
6.5,46.0,NE,Ruteng,Indonesia,Asia
6.8,114.0,ESE,Kokopo,Papua New Guinea,Oceania
7.6,16.0,SSW,Cuyutlán,Mexico,North America
6.5,33.0,S,Puerto San José,Guatemala,North America
7.3,126.0,W,Kirakira,Solomon Islands,Oceania
6.7,191.0,SE,Kokopo,Papua New Guinea,Oceania
6.7,,,New Ireland region,Papua New Guinea,Oceania
7.9,75.0,E,Cantwell,Alaska,North America
7.4,50.0,NW,Sinabang,Indonesia,Asia
6.6,53.0,ENE,Cantwell,Alaska,North America
6.7,72.0,S,Manokwari,Indonesia,Asia
7.6,102.0,SSE,Manokwari,Indonesia,Asia
6.5,152.0,NNE,Bamboo Flat,India,Asia
7.6,68.0,ESE,Aitape,Papua New Guinea,Oceania
6.5,114.0,SSE,San Jose Village,Northern Mariana Islands,Oceania
6.5,14.0,SE,Punta de Burica,Panama,North America
6.5,59.0,SSW,Abhar,Iran,Asia
6.6,20.0,SW,Monte Patria,Chile,South America
6.7,190.0,NW,Sola,Vanuatu,Oceania
7.1,20.0,SSW,Merizo Village,Guam,Oceania
6.7,31.0,SW,Copiapó,Chile,South America
6.8,27.0,SSW,Nuxco,Mexico,North America
7.1,67.0,ENE,Hualien City,Taiwan,Asia
6.5,107.0,NE,Calama,Chile,South America
7.5,,,Mindanao,Philippines,Asia
7.4,51.0,SW,Jurm,Afghanistan,Asia
6.6,125.0,E,Kimbe,Papua New Guinea,Oceania
6.5,5.0,NE,Sultanda??,Turkey,Asia
6.7,11.0,SE,Aitape,Papua New Guinea,Oceania
6.6,33.0,WNW,Port-Vila,Vanuatu,Oceania
7.2,50.0,WNW,Port-Vila,Vanuatu,Oceania
6.8,22.0,WNW,Malango,Solomon Islands,Oceania
6.8,62.0,SSW,Yonakuni,Japan,Asia
6.5,3.0,NW,Hanamaki,Japan,Asia
7.8,,,Southern Qinghai,China,Asia
7.0,40.0,S,Kimbe,Papua New Guinea,Oceania
7.5,155.0,E,Kendari,Indonesia,Asia
7.0,69.0,SSE,Inarajan Village,Guam,Oceania
6.5,108.0,WNW,Manokwari,Indonesia,Asia
6.6,74.0,S,Kokhanok,Alaska,North America
6.5,32.0,WNW,Skýros,Greece,Europe
7.6,51.0,SW,Punta de Bombón,Peru,South America
6.6,31.0,,Achanizo,Peru,South America
6.7,34.0,WSW,Pacocha,Peru,South America
8.4,6.0,SSW,Atico,Peru,South America
6.7,128.0,SSE,Panguna,Papua New Guinea,Oceania
6.8,16.0,SSW,Kure,Japan,Asia
6.5,41.0,SSW,Ambon,Indonesia,Asia
6.8,7.0,SSE,Longbranch,Washington,North America
7.1,137.0,WNW,Ternate,Indonesia,Asia
7.4,102.0,SSE,Bengkulu,Indonesia,Asia
6.6,5.0,S,Cojutepeque,El Salvador,North America
7.7,17.0,NW,Bhach?u,India,Asia
6.9,59.0,WSW,Bengkulu,Indonesia,Asia
7.7,28.0,SSW,Puerto El Triunfo,El Salvador,North America
6.9,47.0,S,Old Harbor,Alaska,North America
7.1,16.0,NE,Port-Olry,Vanuatu,Oceania
6.8,,,Mindanao,Philippines,Asia
7.5,21.0,SE,Lukatan,Philippines,Asia
